DROP SCHEMA IF EXISTS demo CASCADE;

CREATE SCHEMA IF NOT EXISTS demo;

CREATE TABLE demo.tab_c_gt (
    col_s_s_1 BIGINT,
    col_se_s_1 BIGINT,
    col_s_t_d DATE,
    col_s_c_d_i CHAR(1),
    col_s_t_u_a NUMERIC
);

INSERT INTO demo.tab_c_gt (col_s_s_1, col_se_s_1, col_s_t_d, col_s_c_d_i, col_s_t_u_a) VALUES (7000000000, 30000000, '2022-11-22', 'D', 1);
INSERT INTO demo.tab_c_gt (col_s_s_1, col_se_s_1, col_s_t_d, col_s_c_d_i, col_s_t_u_a) VALUES (7000000001, 30000001, '2022-11-21', 'D', 15);
INSERT INTO demo.tab_c_gt (col_s_s_1, col_se_s_1, col_s_t_d, col_s_c_d_i, col_s_t_u_a) VALUES (7000000002, 30000002, '2022-11-20', 'D', 10.11);
INSERT INTO demo.tab_c_gt (col_s_s_1, col_se_s_1, col_s_t_d, col_s_c_d_i, col_s_t_u_a) VALUES (7000000003, 30000003, '2022-11-19', 'C', 6.95);
INSERT INTO demo.tab_c_gt (col_s_s_1, col_se_s_1, col_s_t_d, col_s_c_d_i, col_s_t_u_a) VALUES (7000000004, 30000004, '2022-11-18', 'D', 200);
INSERT INTO demo.tab_c_gt (col_s_s_1, col_se_s_1, col_s_t_d, col_s_c_d_i, col_s_t_u_a) VALUES (7000000005, 30000005, '2022-11-17', 'C', 219);
INSERT INTO demo.tab_c_gt (col_s_s_1, col_se_s_1, col_s_t_d, col_s_c_d_i, col_s_t_u_a) VALUES (7000000006, 30000006, '2022-11-16', 'C', 9.21);
INSERT INTO demo.tab_c_gt (col_s_s_1, col_se_s_1, col_s_t_d, col_s_c_d_i, col_s_t_u_a) VALUES (7000000007, 30000007, '2022-11-15', 'D', 15);
INSERT INTO demo.tab_c_gt (col_s_s_1, col_se_s_1, col_s_t_d, col_s_c_d_i, col_s_t_u_a) VALUES (7000000008, 30000008, '2022-11-14', 'C', 6.95);
INSERT INTO demo.tab_c_gt (col_s_s_1, col_se_s_1, col_s_t_d, col_s_c_d_i, col_s_t_u_a) VALUES (7000000009, 30000009, '2022-11-13', 'D', 19.84);
INSERT INTO demo.tab_c_gt (col_s_s_1, col_se_s_1, col_s_t_d, col_s_c_d_i, col_s_t_u_a) VALUES (7000000010, 30000010, '2022-11-12', 'C', 135.85);
INSERT INTO demo.tab_c_gt (col_s_s_1, col_se_s_1, col_s_t_d, col_s_c_d_i, col_s_t_u_a) VALUES (7000000011, 30000011, '2022-11-11', 'D', 150);
INSERT INTO demo.tab_c_gt (col_s_s_1, col_se_s_1, col_s_t_d, col_s_c_d_i, col_s_t_u_a) VALUES (7000000012, 30000012, '2022-11-10', 'D', 105);
INSERT INTO demo.tab_c_gt (col_s_s_1, col_se_s_1, col_s_t_d, col_s_c_d_i, col_s_t_u_a) VALUES (7000000013, 30000013, '2022-11-09', 'D', 105);
INSERT INTO demo.tab_c_gt (col_s_s_1, col_se_s_1, col_s_t_d, col_s_c_d_i, col_s_t_u_a) VALUES (7000000014, 30000014, '2022-11-08', 'D', 105);
INSERT INTO demo.tab_c_gt (col_s_s_1, col_se_s_1, col_s_t_d, col_s_c_d_i, col_s_t_u_a) VALUES (7000000015, 30000015, '2022-11-07', 'D', 75);
INSERT INTO demo.tab_c_gt (col_s_s_1, col_se_s_1, col_s_t_d, col_s_c_d_i, col_s_t_u_a) VALUES (7000000016, 30000016, '2022-11-06', 'C', 6);
INSERT INTO demo.tab_c_gt (col_s_s_1, col_se_s_1, col_s_t_d, col_s_c_d_i, col_s_t_u_a) VALUES (7000000017, 30000017, '2022-11-05', 'D', 80);
INSERT INTO demo.tab_c_gt (col_s_s_1, col_se_s_1, col_s_t_d, col_s_c_d_i, col_s_t_u_a) VALUES (7000000018, 30000018, '2022-11-04', 'C', 70);
INSERT INTO demo.tab_c_gt (col_s_s_1, col_se_s_1, col_s_t_d, col_s_c_d_i, col_s_t_u_a) VALUES (7000000019, 30000019, '2022-11-03', 'D', 130);
INSERT INTO demo.tab_c_gt (col_s_s_1, col_se_s_1, col_s_t_d, col_s_c_d_i, col_s_t_u_a) VALUES (7000000020, 30000020, '2022-11-02', 'C', 6.95);
INSERT INTO demo.tab_c_gt (col_s_s_1, col_se_s_1, col_s_t_d, col_s_c_d_i, col_s_t_u_a) VALUES (7000000021, 30000021, '2022-11-01', 'D', 160);
INSERT INTO demo.tab_c_gt (col_s_s_1, col_se_s_1, col_s_t_d, col_s_c_d_i, col_s_t_u_a) VALUES (7000000022, 30000022, '2022-10-31', 'C', 219);
INSERT INTO demo.tab_c_gt (col_s_s_1, col_se_s_1, col_s_t_d, col_s_c_d_i, col_s_t_u_a) VALUES (7000000023, 30000023, '2022-10-30', 'C', 13.81);
INSERT INTO demo.tab_c_gt (col_s_s_1, col_se_s_1, col_s_t_d, col_s_c_d_i, col_s_t_u_a) VALUES (7000000024, 30000024, '2022-10-29', 'D', 120);
INSERT INTO demo.tab_c_gt (col_s_s_1, col_se_s_1, col_s_t_d, col_s_c_d_i, col_s_t_u_a) VALUES (7000000025, 30000025, '2022-10-28', 'D', 43.82);
INSERT INTO demo.tab_c_gt (col_s_s_1, col_se_s_1, col_s_t_d, col_s_c_d_i, col_s_t_u_a) VALUES (7000000026, 30000026, '2022-10-27', 'C', 22.19);
INSERT INTO demo.tab_c_gt (col_s_s_1, col_se_s_1, col_s_t_d, col_s_c_d_i, col_s_t_u_a) VALUES (7000000027, 30000027, '2022-10-26', 'C', 13.81);
INSERT INTO demo.tab_c_gt (col_s_s_1, col_se_s_1, col_s_t_d, col_s_c_d_i, col_s_t_u_a) VALUES (7000000028, 30000028, '2022-10-25', 'D', 260);
INSERT INTO demo.tab_c_gt (col_s_s_1, col_se_s_1, col_s_t_d, col_s_c_d_i, col_s_t_u_a) VALUES (7000000029, 30000029, '2022-10-24', 'D', 105);
INSERT INTO demo.tab_c_gt (col_s_s_1, col_se_s_1, col_s_t_d, col_s_c_d_i, col_s_t_u_a) VALUES (7000000030, 30000030, '2022-10-23', 'D', 105);
INSERT INTO demo.tab_c_gt (col_s_s_1, col_se_s_1, col_s_t_d, col_s_c_d_i, col_s_t_u_a) VALUES (7000000031, 30000031, '2022-10-22', 'D', 80);
INSERT INTO demo.tab_c_gt (col_s_s_1, col_se_s_1, col_s_t_d, col_s_c_d_i, col_s_t_u_a) VALUES (7000000032, 30000032, '2022-10-21', 'D', 15);
INSERT INTO demo.tab_c_gt (col_s_s_1, col_se_s_1, col_s_t_d, col_s_c_d_i, col_s_t_u_a) VALUES (7000000033, 30000033, '2022-10-20', 'D', 80);
INSERT INTO demo.tab_c_gt (col_s_s_1, col_se_s_1, col_s_t_d, col_s_c_d_i, col_s_t_u_a) VALUES (7000000034, 30000034, '2022-10-19', 'D', 48);
INSERT INTO demo.tab_c_gt (col_s_s_1, col_se_s_1, col_s_t_d, col_s_c_d_i, col_s_t_u_a) VALUES (7000000035, 30000035, '2022-10-18', 'C', 300);
INSERT INTO demo.tab_c_gt (col_s_s_1, col_se_s_1, col_s_t_d, col_s_c_d_i, col_s_t_u_a) VALUES (7000000036, 30000036, '2022-10-17', 'D', 80);
INSERT INTO demo.tab_c_gt (col_s_s_1, col_se_s_1, col_s_t_d, col_s_c_d_i, col_s_t_u_a) VALUES (7000000037, 30000037, '2022-10-16', 'C', 10000);
INSERT INTO demo.tab_c_gt (col_s_s_1, col_se_s_1, col_s_t_d, col_s_c_d_i, col_s_t_u_a) VALUES (7000000038, 30000038, '2022-10-15', 'D', 1);
INSERT INTO demo.tab_c_gt (col_s_s_1, col_se_s_1, col_s_t_d, col_s_c_d_i, col_s_t_u_a) VALUES (7000000039, 30000039, '2022-10-14', 'D', 120);
INSERT INTO demo.tab_c_gt (col_s_s_1, col_se_s_1, col_s_t_d, col_s_c_d_i, col_s_t_u_a) VALUES (7000000040, 30000040, '2022-10-13', 'D', 40);
INSERT INTO demo.tab_c_gt (col_s_s_1, col_se_s_1, col_s_t_d, col_s_c_d_i, col_s_t_u_a) VALUES (7000000041, 30000041, '2022-10-12', 'D', 104.4);
INSERT INTO demo.tab_c_gt (col_s_s_1, col_se_s_1, col_s_t_d, col_s_c_d_i, col_s_t_u_a) VALUES (7000000042, 30000042, '2022-10-11', 'D', 63.75);
INSERT INTO demo.tab_c_gt (col_s_s_1, col_se_s_1, col_s_t_d, col_s_c_d_i, col_s_t_u_a) VALUES (7000000043, 30000043, '2022-10-10', 'D', 80);
INSERT INTO demo.tab_c_gt (col_s_s_1, col_se_s_1, col_s_t_d, col_s_c_d_i, col_s_t_u_a) VALUES (7000000044, 30000044, '2022-10-09', 'D', 27);
INSERT INTO demo.tab_c_gt (col_s_s_1, col_se_s_1, col_s_t_d, col_s_c_d_i, col_s_t_u_a) VALUES (7000000045, 30000045, '2022-10-08', 'D', 315);
INSERT INTO demo.tab_c_gt (col_s_s_1, col_se_s_1, col_s_t_d, col_s_c_d_i, col_s_t_u_a) VALUES (7000000046, 30000046, '2022-10-07', 'D', 31.55);
INSERT INTO demo.tab_c_gt (col_s_s_1, col_se_s_1, col_s_t_d, col_s_c_d_i, col_s_t_u_a) VALUES (7000000047, 30000047, '2022-10-06', 'D', 200);
INSERT INTO demo.tab_c_gt (col_s_s_1, col_se_s_1, col_s_t_d, col_s_c_d_i, col_s_t_u_a) VALUES (7000000048, 30000048, '2022-10-05', 'C', 10.03);
INSERT INTO demo.tab_c_gt (col_s_s_1, col_se_s_1, col_s_t_d, col_s_c_d_i, col_s_t_u_a) VALUES (7000000049, 30000049, '2022-10-04', 'D', 235.49);
INSERT INTO demo.tab_c_gt (col_s_s_1, col_se_s_1, col_s_t_d, col_s_c_d_i, col_s_t_u_a) VALUES (7000000050, 30000050, '2022-10-03', 'D', 105);
INSERT INTO demo.tab_c_gt (col_s_s_1, col_se_s_1, col_s_t_d, col_s_c_d_i, col_s_t_u_a) VALUES (7000000051, 30000051, '2022-10-02', 'D', 70);
INSERT INTO demo.tab_c_gt (col_s_s_1, col_se_s_1, col_s_t_d, col_s_c_d_i, col_s_t_u_a) VALUES (7000000052, 30000052, '2022-10-01', 'C', 349.29);
INSERT INTO demo.tab_c_gt (col_s_s_1, col_se_s_1, col_s_t_d, col_s_c_d_i, col_s_t_u_a) VALUES (7000000053, 30000053, '2022-09-30', 'C', 16.44);
INSERT INTO demo.tab_c_gt (col_s_s_1, col_se_s_1, col_s_t_d, col_s_c_d_i, col_s_t_u_a) VALUES (7000000054, 30000054, '2022-09-29', 'C', 70);
INSERT INTO demo.tab_c_gt (col_s_s_1, col_se_s_1, col_s_t_d, col_s_c_d_i, col_s_t_u_a) VALUES (7000000055, 30000055, '2022-09-28', 'D', 75);
INSERT INTO demo.tab_c_gt (col_s_s_1, col_se_s_1, col_s_t_d, col_s_c_d_i, col_s_t_u_a) VALUES (7000000056, 30000056, '2022-09-27', 'C', 160);
INSERT INTO demo.tab_c_gt (col_s_s_1, col_se_s_1, col_s_t_d, col_s_c_d_i, col_s_t_u_a) VALUES (7000000057, 30000057, '2022-09-26', 'D', 48);
INSERT INTO demo.tab_c_gt (col_s_s_1, col_se_s_1, col_s_t_d, col_s_c_d_i, col_s_t_u_a) VALUES (7000000058, 30000058, '2022-09-25', 'D', 105);
INSERT INTO demo.tab_c_gt (col_s_s_1, col_se_s_1, col_s_t_d, col_s_c_d_i, col_s_t_u_a) VALUES (7000000059, 30000059, '2022-09-24', 'C', 23.6);
INSERT INTO demo.tab_c_gt (col_s_s_1, col_se_s_1, col_s_t_d, col_s_c_d_i, col_s_t_u_a) VALUES (7000000060, 30000060, '2022-09-23', 'C', 19.5);
INSERT INTO demo.tab_c_gt (col_s_s_1, col_se_s_1, col_s_t_d, col_s_c_d_i, col_s_t_u_a) VALUES (7000000061, 30000061, '2022-09-22', 'D', 45.56);
INSERT INTO demo.tab_c_gt (col_s_s_1, col_se_s_1, col_s_t_d, col_s_c_d_i, col_s_t_u_a) VALUES (7000000062, 30000062, '2022-09-21', 'C', 49);
INSERT INTO demo.tab_c_gt (col_s_s_1, col_se_s_1, col_s_t_d, col_s_c_d_i, col_s_t_u_a) VALUES (7000000063, 30000063, '2022-09-20', 'D', 44);
INSERT INTO demo.tab_c_gt (col_s_s_1, col_se_s_1, col_s_t_d, col_s_c_d_i, col_s_t_u_a) VALUES (7000000064, 30000064, '2022-09-19', 'C', 349.29);
INSERT INTO demo.tab_c_gt (col_s_s_1, col_se_s_1, col_s_t_d, col_s_c_d_i, col_s_t_u_a) VALUES (7000000065, 30000065, '2022-09-18', 'D', 26.3);
INSERT INTO demo.tab_c_gt (col_s_s_1, col_se_s_1, col_s_t_d, col_s_c_d_i, col_s_t_u_a) VALUES (7000000066, 30000066, '2022-09-17', 'C', 499);
INSERT INTO demo.tab_c_gt (col_s_s_1, col_se_s_1, col_s_t_d, col_s_c_d_i, col_s_t_u_a) VALUES (7000000067, 30000067, '2022-09-16', 'D', 35);
INSERT INTO demo.tab_c_gt (col_s_s_1, col_se_s_1, col_s_t_d, col_s_c_d_i, col_s_t_u_a) VALUES (7000000068, 30000068, '2022-09-15', 'C', 135.85);
INSERT INTO demo.tab_c_gt (col_s_s_1, col_se_s_1, col_s_t_d, col_s_c_d_i, col_s_t_u_a) VALUES (7000000069, 30000069, '2022-09-14', 'D', 281.18);
INSERT INTO demo.tab_c_gt (col_s_s_1, col_se_s_1, col_s_t_d, col_s_c_d_i, col_s_t_u_a) VALUES (7000000070, 30000070, '2022-09-13', 'D', 186.82);
INSERT INTO demo.tab_c_gt (col_s_s_1, col_se_s_1, col_s_t_d, col_s_c_d_i, col_s_t_u_a) VALUES (7000000071, 30000071, '2022-09-12', 'D', 13.2);
INSERT INTO demo.tab_c_gt (col_s_s_1, col_se_s_1, col_s_t_d, col_s_c_d_i, col_s_t_u_a) VALUES (7000000072, 30000072, '2022-09-11', 'D', 11);
INSERT INTO demo.tab_c_gt (col_s_s_1, col_se_s_1, col_s_t_d, col_s_c_d_i, col_s_t_u_a) VALUES (7000000073, 30000073, '2022-09-10', 'D', 47.59);
INSERT INTO demo.tab_c_gt (col_s_s_1, col_se_s_1, col_s_t_d, col_s_c_d_i, col_s_t_u_a) VALUES (7000000074, 30000074, '2022-09-09', 'C', 17.83);
INSERT INTO demo.tab_c_gt (col_s_s_1, col_se_s_1, col_s_t_d, col_s_c_d_i, col_s_t_u_a) VALUES (7000000075, 30000075, '2022-09-08', 'D', 10);
INSERT INTO demo.tab_c_gt (col_s_s_1, col_se_s_1, col_s_t_d, col_s_c_d_i, col_s_t_u_a) VALUES (7000000076, 30000076, '2022-09-07', 'D', 538.12);
INSERT INTO demo.tab_c_gt (col_s_s_1, col_se_s_1, col_s_t_d, col_s_c_d_i, col_s_t_u_a) VALUES (7000000077, 30000077, '2022-09-06', 'D', 45);
INSERT INTO demo.tab_c_gt (col_s_s_1, col_se_s_1, col_s_t_d, col_s_c_d_i, col_s_t_u_a) VALUES (7000000078, 30000078, '2022-09-05', 'C', 18.8);
INSERT INTO demo.tab_c_gt (col_s_s_1, col_se_s_1, col_s_t_d, col_s_c_d_i, col_s_t_u_a) VALUES (7000000079, 30000079, '2022-09-04', 'C', 250);
INSERT INTO demo.tab_c_gt (col_s_s_1, col_se_s_1, col_s_t_d, col_s_c_d_i, col_s_t_u_a) VALUES (7000000080, 30000080, '2022-09-03', 'C', 11);
INSERT INTO demo.tab_c_gt (col_s_s_1, col_se_s_1, col_s_t_d, col_s_c_d_i, col_s_t_u_a) VALUES (7000000081, 30000081, '2022-09-02', 'D', 41.65);
INSERT INTO demo.tab_c_gt (col_s_s_1, col_se_s_1, col_s_t_d, col_s_c_d_i, col_s_t_u_a) VALUES (7000000082, 30000082, '2022-09-01', 'C', 49);
INSERT INTO demo.tab_c_gt (col_s_s_1, col_se_s_1, col_s_t_d, col_s_c_d_i, col_s_t_u_a) VALUES (7000000083, 30000083, '2022-08-31', 'C', 906.43);
INSERT INTO demo.tab_c_gt (col_s_s_1, col_se_s_1, col_s_t_d, col_s_c_d_i, col_s_t_u_a) VALUES (7000000084, 30000084, '2022-08-30', 'C', 175);
INSERT INTO demo.tab_c_gt (col_s_s_1, col_se_s_1, col_s_t_d, col_s_c_d_i, col_s_t_u_a) VALUES (7000000085, 30000085, '2022-08-29', 'D', 430.71);
INSERT INTO demo.tab_c_gt (col_s_s_1, col_se_s_1, col_s_t_d, col_s_c_d_i, col_s_t_u_a) VALUES (7000000086, 30000086, '2022-08-28', 'C', 200);
INSERT INTO demo.tab_c_gt (col_s_s_1, col_se_s_1, col_s_t_d, col_s_c_d_i, col_s_t_u_a) VALUES (7000000087, 30000087, '2022-08-27', 'C', 25.5);
INSERT INTO demo.tab_c_gt (col_s_s_1, col_se_s_1, col_s_t_d, col_s_c_d_i, col_s_t_u_a) VALUES (7000000088, 30000088, '2022-08-26', 'D', 11.24);
INSERT INTO demo.tab_c_gt (col_s_s_1, col_se_s_1, col_s_t_d, col_s_c_d_i, col_s_t_u_a) VALUES (7000000089, 30000089, '2022-08-25', 'C', 152.54);
INSERT INTO demo.tab_c_gt (col_s_s_1, col_se_s_1, col_s_t_d, col_s_c_d_i, col_s_t_u_a) VALUES (7000000090, 30000090, '2022-08-24', 'C', 553);
INSERT INTO demo.tab_c_gt (col_s_s_1, col_se_s_1, col_s_t_d, col_s_c_d_i, col_s_t_u_a) VALUES (7000000091, 30000091, '2022-08-23', 'C', 100);
INSERT INTO demo.tab_c_gt (col_s_s_1, col_se_s_1, col_s_t_d, col_s_c_d_i, col_s_t_u_a) VALUES (7000000092, 30000092, '2022-08-22', 'D', 11.9);
INSERT INTO demo.tab_c_gt (col_s_s_1, col_se_s_1, col_s_t_d, col_s_c_d_i, col_s_t_u_a) VALUES (7000000093, 30000093, '2022-08-21', 'D', 186.82);
INSERT INTO demo.tab_c_gt (col_s_s_1, col_se_s_1, col_s_t_d, col_s_c_d_i, col_s_t_u_a) VALUES (7000000094, 30000094, '2022-08-20', 'C', 33.17);
INSERT INTO demo.tab_c_gt (col_s_s_1, col_se_s_1, col_s_t_d, col_s_c_d_i, col_s_t_u_a) VALUES (7000000095, 30000095, '2022-08-19', 'C', 77.04);
INSERT INTO demo.tab_c_gt (col_s_s_1, col_se_s_1, col_s_t_d, col_s_c_d_i, col_s_t_u_a) VALUES (7000000096, 30000096, '2022-08-18', 'C', 19);
INSERT INTO demo.tab_c_gt (col_s_s_1, col_se_s_1, col_s_t_d, col_s_c_d_i, col_s_t_u_a) VALUES (7000000097, 30000097, '2022-08-17', 'D', 42);
INSERT INTO demo.tab_c_gt (col_s_s_1, col_se_s_1, col_s_t_d, col_s_c_d_i, col_s_t_u_a) VALUES (7000000098, 30000098, '2022-08-16', 'C', 38.06);
INSERT INTO demo.tab_c_gt (col_s_s_1, col_se_s_1, col_s_t_d, col_s_c_d_i, col_s_t_u_a) VALUES (7000000099, 30000099, '2022-08-15', 'D', 1.91);
--  \COPY test.tab_c_gt FROM '/home/vasilis/Downloads/Turing_tech/Files_for_turing_tech/Databases/tab_c_gt.csv' DELIMITER ',' CSV HEADER;


CREATE TABLE demo.tab_oab (
    col_o_i NUMERIC,
    col_s_1 BIGINT,
    col_m_p_i VARCHAR(50),
    col_s_s_dt DATE,
    col_s_cn_dt DATE
);

INSERT INTO demo.tab_oab (col_o_i, col_s_1, col_m_p_i, col_s_s_dt, col_s_cn_dt) VALUES (1E+11, 7000000000, 'SELLER', '2022-11-01', '2022-05-19');
INSERT INTO demo.tab_oab (col_o_i, col_s_1, col_m_p_i, col_s_s_dt, col_s_cn_dt) VALUES (1E+11, 7000000001, 'SELLER', '2022-10-31', '2022-06-03');
INSERT INTO demo.tab_oab (col_o_i, col_s_1, col_m_p_i, col_s_s_dt, col_s_cn_dt) VALUES (1E+11, 7000000002, 'SELLER', '2022-10-30', '2023-05-23');
INSERT INTO demo.tab_oab (col_o_i, col_s_1, col_m_p_i, col_s_s_dt, col_s_cn_dt) VALUES (1E+11, 7000000003, 'SELLER', '2022-10-29', '2021-08-12');
INSERT INTO demo.tab_oab (col_o_i, col_s_1, col_m_p_i, col_s_s_dt, col_s_cn_dt) VALUES (1E+11, 7000000004, 'SELLER', '2022-10-28', '2023-02-01');
INSERT INTO demo.tab_oab (col_o_i, col_s_1, col_m_p_i, col_s_s_dt, col_s_cn_dt) VALUES (1E+11, 7000000005, 'SELLER', '2022-10-27', '2022-02-13');
INSERT INTO demo.tab_oab (col_o_i, col_s_1, col_m_p_i, col_s_s_dt, col_s_cn_dt) VALUES (1E+11, 7000000006, 'SELLER', '2022-10-26', '2021-11-03');
INSERT INTO demo.tab_oab (col_o_i, col_s_1, col_m_p_i, col_s_s_dt, col_s_cn_dt) VALUES (1E+11, 7000000007, 'SELLER', '2022-10-25', '2022-02-21');
INSERT INTO demo.tab_oab (col_o_i, col_s_1, col_m_p_i, col_s_s_dt, col_s_cn_dt) VALUES (1E+11, 7000000008, 'SELLER', '2022-10-24', '2021-11-08');
INSERT INTO demo.tab_oab (col_o_i, col_s_1, col_m_p_i, col_s_s_dt, col_s_cn_dt) VALUES (1E+11, 7000000009, 'SELLER', '2022-10-23', '2021-06-03');
INSERT INTO demo.tab_oab (col_o_i, col_s_1, col_m_p_i, col_s_s_dt, col_s_cn_dt) VALUES (1E+11, 7000000010, 'SELLER', '2022-10-22', '2023-05-23');
INSERT INTO demo.tab_oab (col_o_i, col_s_1, col_m_p_i, col_s_s_dt, col_s_cn_dt) VALUES (1E+11, 7000000011, 'PROP', '2022-10-21', '2021-04-13');
INSERT INTO demo.tab_oab (col_o_i, col_s_1, col_m_p_i, col_s_s_dt, col_s_cn_dt) VALUES (1E+11, 7000000012, 'SELLER', '2022-10-20', '2021-04-13');
INSERT INTO demo.tab_oab (col_o_i, col_s_1, col_m_p_i, col_s_s_dt, col_s_cn_dt) VALUES (1E+11, 7000000013, 'SELLER', '2022-10-19', '2021-04-13');
INSERT INTO demo.tab_oab (col_o_i, col_s_1, col_m_p_i, col_s_s_dt, col_s_cn_dt) VALUES (1E+11, 7000000014, 'SELLER', '2022-10-18', '2021-11-08');
INSERT INTO demo.tab_oab (col_o_i, col_s_1, col_m_p_i, col_s_s_dt, col_s_cn_dt) VALUES (1E+11, 7000000015, 'SELLER', '2022-10-17', '2021-07-23'),
       (1E+11, 7000000016, 'SELLER', '2022-10-16', '2023-12-14'),
       (1E+11, 7000000017, 'SELLER', '2022-10-15', '2021-06-04'),
       (1E+11, 7000000018, 'SELLER', '2022-10-14', '2021-11-02'),
       (1E+11, 7000000019, 'SELLER', '2022-10-13', '2024-02-10'),
       (1E+11, 7000000020, 'PROP', '2022-10-12', '2023-06-02'),
       (1E+11, 7000000021, 'SELLER', '2022-10-11', '2023-04-13'),
       (1E+11, 7000000022, 'SELLER', '2022-10-10', '2021-08-10'),
       (1E+11, 7000000023, 'SELLER', '2022-10-09', '2022-03-08'),
       (1E+11, 7000000024, 'SELLER', '2022-10-08', '2021-04-26'),
       (1E+11, 7000000025, 'SELLER', '2022-10-07', '2021-04-27'),
       (1E+11, 7000000026, 'PROP', '2022-10-06', '2022-09-09'),
       (1E+11, 7000000027, 'PROP', '2022-10-05', '2022-09-05'),
       (1E+11, 7000000028, 'PROP', '2022-10-04', '2022-09-10'),
       (1E+11, 7000000029, 'PROP', '2022-10-03', '2022-12-24'),
       (1E+11, 7000000030, 'PROP', '2022-10-02', '2023-12-16'),
       (1E+11, 7000000031, 'PROP', '2022-10-01', '2022-12-24'),
       (1E+11, 7000000032, 'PROP', '2022-09-30', '2022-09-09'),
       (1E+11, 7000000033, 'PROP', '2022-09-29', '2022-09-10'),
       (1E+11, 7000000034, 'PROP', '2022-09-28', '2022-09-09'),
       (1E+11, 7000000035, 'PROP', '2022-09-27', '2022-09-09'),
       (1E+11, 7000000036, 'PROP', '2022-09-26', '2022-09-09'),
       (1E+11, 7000000037, 'PROP', '2022-09-25', '2022-09-10'),
       (1E+11, 7000000038, 'PROP', '2022-09-24', '2022-12-24'),
       (1E+11, 7000000039, 'PROP', '2022-09-23', '2023-12-13'),
       (1E+11, 7000000040, 'PROP', '2022-09-22', '2022-09-09'),
       (1E+11, 7000000041, 'PROP', '2022-09-21', '2022-12-03'),
       (1E+11, 7000000042, 'PROP', '2022-09-20', '2022-09-09'),
       (1E+11, 7000000043, 'SELLER', '2022-09-19', '2023-03-03'),
       (1E+11, 7000000044, 'PROP', '2022-09-18', '2022-12-03'),
       (1E+11, 7000000045, 'PROP', '2022-09-17', '2022-09-07'),
       (1E+11, 7000000046, 'PROP', '2022-09-16', '2022-12-24'),
       (1E+11, 7000000047, 'PROP', '2022-09-15', '2022-12-03'),
       (1E+11, 7000000048, 'PROP', '2022-09-14', '2022-12-24'),
       (1E+11, 7000000049, 'PROP', '2022-09-13', '2021-03-30'),
       (1E+11, 7000000050, 'PROP', '2022-09-12', '2022-09-09'),
       (1E+11, 7000000051, 'PROP', '2022-09-11', '2022-09-09'),
       (1E+11, 7000000052, 'PROP', '2022-09-10', '2022-09-08'),
       (1E+11, 7000000053, 'PROP', '2022-09-09', '2022-09-10'),
       (1E+11, 7000000054, 'PROP', '2022-09-08', '2022-09-10'),
       (1E+11, 7000000055, 'PROP', '2022-09-07', '2022-12-03'),
       (1E+11, 7000000056, 'PROP', '2022-09-06', '2022-12-03'),
       (1E+11, 7000000057, 'PROP', '2022-09-05', '2022-09-09'),
       (1E+11, 7000000058, 'PROP', '2022-09-04', '2022-09-09'),
       (1E+11, 7000000059, 'PROP', '2022-09-03', '2022-09-09'),
       (1E+11, 7000000060, 'PROP', '2022-09-02', '2022-09-10'),
       (1E+11, 7000000061, 'PROP', '2022-09-01', '2022-12-03'),
       (1E+11, 7000000062, 'PROP', '2022-08-31', '2022-12-03'),
       (1E+11, 7000000063, 'PROP', '2022-08-30', '2022-09-09'),
       (1E+11, 7000000064, 'PROP', '2022-08-29', '2022-09-10'),
       (1E+11, 7000000065, 'PROP', '2022-08-28', '2022-09-10'),
       (1E+11, 7000000066, 'PROP', '2022-08-27', '2022-09-09'),
       (1E+11, 7000000067, 'PROP', '2022-08-26', '2022-12-03'),
       (1E+11, 7000000068, 'PROP', '2022-08-25', '2022-12-24'),
       (1E+11, 7000000069, 'PROP', '2022-08-24', '2022-09-10'),
       (1E+11, 7000000070, 'PROP', '2022-08-23', '2022-12-24'),
       (1E+11, 7000000071, 'PROP', '2022-08-22', '2022-09-09'),
       (1E+11, 7000000072, 'PROP', '2022-08-21', '2022-09-09'),
       (1E+11, 7000000073, 'PROP', '2022-08-20', '2022-09-07'),
       (1E+11, 7000000074, 'SELLER', '2022-08-19', '2023-03-20'),
       (1E+11, 7000000075, 'SELLER', '2022-08-18', '2023-07-07'),
       (1E+11, 7000000076, 'SELLER', '2022-08-17', '2022-12-02'),
       (1E+11, 7000000077, 'PROP', '2022-08-16', '2022-12-24'),
       (1E+11, 7000000078, 'PROP', '2022-08-15', '2022-12-24'),
       (1E+11, 7000000079, 'PROP', '2022-08-14', '2022-12-24'),
       (1E+11, 7000000080, 'PROP', '2022-08-13', '2022-12-24'),
       (1E+11, 7000000081, 'PROP', '2022-08-12', '2022-09-10'),
       (1E+11, 7000000082, 'PROP', '2022-08-11', '2022-12-24'),
       (1E+11, 7000000083, 'PROP', '2022-08-10', '2022-09-10'),
       (1E+11, 7000000084, 'PROP', '2022-08-09', '2022-09-10'),
       (1E+11, 7000000085, 'PROP', '2022-08-08', '2022-12-24'),
       (1E+11, 7000000086, 'PROP', '2022-08-07', '2022-12-24'),
       (1E+11, 7000000087, 'PROP', '2022-08-06', '2022-09-09'),
       (1E+11, 7000000088, 'PROP', '2022-08-05', '2023-12-28'),
       (1E+11, 7000000089, 'PROP', '2022-08-04', '2022-09-09'),
       (1E+11, 7000000090, 'PROP', '2022-08-03', '2022-09-09'),
       (1E+11, 7000000091, 'PROP', '2022-08-02', '2022-09-09'),
       (1E+11, 7000000092, 'PROP', '2022-08-01', '2022-12-24'),
       (1E+11, 7000000093, 'PROP', '2022-07-31', '2022-09-10'),
       (1E+11, 7000000094, 'PROP', '2022-07-30', '2022-12-24'),
       (1E+11, 7000000095, 'PROP', '2022-07-29', '2023-12-13'),
       (1E+11, 7000000096, 'PROP', '2022-07-28', '2022-09-10'),
       (1E+11, 7000000097, 'PROP', '2022-07-27', '2022-09-09'),
       (1E+11, 7000000098, 'PROP', '2022-07-26', '2023-12-13'),
       (1E+11, 7000000099, 'PROP', '2022-07-25', '2023-12-13');

-- \COPY test.tab_c_gt FROM '/home/vasilis/Downloads/Turing_tech/Files_for_turing_tech/Databases/tab_oab.csv' DELIMITER ',' CSV HEADER;


CREATE TABLE demo.tab_t_5_c_c_1 (
    col_o_i NUMERIC,
    col_c_dig_11 NUMERIC,
    col_s_c_c NUMERIC
);

INSERT INTO demo.tab_t_5_c_c_1 (col_o_i, col_c_dig_11, col_s_c_c) VALUES
(1E+11, 1E+14, 392.81),
(1E+11, 1E+14, 727.22),
(1E+11, 1E+14, 5119.89),
(1E+11, 1E+14, 46),
(1E+11, 1E+14, 47.61),
(1E+11, 1E+14, 320.14),
(1E+11, 1E+14, 533.64),
(1E+11, 1E+14, 219.65),
(1E+11, 1E+14, 176.19),
(1E+11, 1E+14, 2327.8),
(1E+11, 1E+14, 457.28),
(1E+11, 1E+14, 318.65),
(1E+11, 1E+14, 2622.33),
(1E+11, 1E+14, 442.75),
(1E+11, 1E+14, 984.83),
(1E+11, 1E+14, 3195.5),
(1E+11, 1E+14, 12046.66),
(1E+11, 1E+14, 6249.53),
(1E+11, 1E+14, 1940.04),
(1E+11, 1E+14, 3297.41),
(1E+11, 1E+14, 947.3),
(1E+11, 1E+14, 846335.84),
(1E+11, 1E+14, 128.98),
(1E+11, 1E+14, 43.57),
(1E+11, 1E+14, 159.15),
(1E+11, 1E+14, 52),
(1E+11, 1E+14, 1288.02),
(1E+11, 1E+14, 108.48),
(1E+11, 1E+14, 2236.87),
(1E+11, 1E+14, 484.98),
(1E+11, 1E+14, 205.87),
(1E+11, 1E+14, 83.01),
(1E+11, 1E+14, 81.48),
(1E+11, 1E+14, 37.47),
(1E+11, 1E+14, 123.6),
(1E+11, 1E+14, 737.26),
(1E+11, 1E+14, 539.75),
(1E+11, 1E+14, 850.5),
(1E+11, 1E+14, 750.6),
(1E+11, 1E+14, 760.41),
(1E+11, 1E+14, 678.67),
(1E+11, 1E+14, 333),
(1E+11, 1E+14, 140.95),
(1E+11, 1E+14, 127.61),
(1E+11, 1E+14, 2491.5),
(1E+11, 1E+14, 313.2),
(1E+11, 1E+14, 5004),
(1E+11, 1E+14, 401.32),
(1E+11, 1E+14, 2278.57),
(1E+11, 1E+14, 255),
(1E+11, 1E+14, 85.08),
(1E+11, 1E+14, 387),
(1E+11, 1E+14, 185.84),
(1E+11, 1E+14, 1112.8),
(1E+11, 1E+14, 487.59),
(1E+11, 1E+14, 382.31),
(1E+11, 1E+14, 391.93),
(1E+11, 1E+14, 3230.45),
(1E+11, 1E+14, 920),
(1E+11, 1E+14, 2504.68),
(1E+11, 1E+14, 1105.39),
(1E+11, 1E+14, 146.26),
(1E+11, 1E+14, 316.67),
(1E+11, 1E+14, 60.06),
(1E+11, 1E+14, 1226.31),
(1E+11, 1E+14, 452.81),
(1E+11, 1E+14, 201.8),
(1E+11, 1E+14, 131.56),
(1E+11, 1E+14, 1965.1),
(1E+11, 1E+14, 421.11),
(1E+11, 1E+14, 1317.47),
(1E+11, 1E+14, 298.4),
(1E+11, 1E+14, 1383.22),
(1E+11, 1E+14, 136),
(1E+11, 1E+14, 1092.46),
(1E+11, 1E+14, 276.52),
(1E+11, 1E+14, 573),
(1E+11, 1E+14, 70.72),
(1E+11, 1E+14, 409.9),
(1E+11, 1E+14, 148.59),
(1E+11, 1E+14, 109.54),
(1E+11, 1E+14, 64.4),
(1E+11, 1E+14, 407.46),
(1E+11, 1E+14, 1028.58),
(1E+11, 1E+14, 410.67),
(1E+11, 1E+14, 408.02),
(1E+11, 1E+14, 696.6),
(1E+11, 1E+14, 111.79),
(1E+11, 1E+14, 81.05),
(1E+11, 1E+14, 1348.87),
(1E+11, 1E+14, 785.69),
(1E+11, 1E+14, 760.52),
(1E+11, 1E+14, 738.76),
(1E+11, 1E+14, 513.4),
(1E+11, 1E+14, 13098.67),
(1E+11, 1E+14, 348.7),
(1E+11, 1E+14, 474.33),
(1E+11, 1E+14, 922),
(1E+11, 1E+14, 294),
(1E+11, 1E+14, 82.91);

-- \COPY test.tab_c_gt FROM '/home/vasilis/Downloads/Turing_tech/Files_for_turing_tech/Databases/tab_t_5_c_c_1.csv' DELIMITER ',' CSV HEADER;

CREATE TABLE demo.tab_sbfa (
    col_o_i FLOAT,
    col_s_1 BIGINT,
    col_m_p_i VARCHAR(50),
    col_s_s_dt DATE,
    col_s_cn_dt DATE
);

INSERT INTO demo.tab_sbfa (col_o_i, col_s_1, col_m_p_i, col_s_s_dt, col_s_cn_dt) VALUES
(1E+11, 7000000000, 'SELLER', '2022-11-01', '2022-01-29'),
(1E+11, 7000000001, 'SELLER', '2022-10-31', '2022-10-28'),
(1E+11, 7000000002, 'SELLER', '2022-10-30', '2022-12-31'),
(1E+11, 7000000003, 'SELLER', '2022-10-29', '2023-06-16'),
(1E+11, 7000000004, 'SELLER', '2022-10-28', '2022-06-07'),
(1E+11, 7000000005, 'SELLER', '2022-10-27', '2022-08-05'),
(1E+11, 7000000006, 'SELLER', '2022-10-26', '2024-02-09'),
(1E+11, 7000000007, 'SELLER', '2022-10-25', '2021-08-10'),
(1E+11, 7000000008, 'SELLER', '2022-10-24', '2022-04-29'),
(1E+11, 7000000009, 'SELLER', '2022-10-23', '2019-04-30'),
(1E+11, 7000000010, 'SELLER', '2022-10-22', '2022-07-26'),
(1E+11, 7000000011, 'SELLER', '2022-10-21', '2022-09-15'),
(1E+11, 7000000012, 'SELLER', '2022-10-20', '2023-06-02'),
(1E+11, 7000000013, 'SELLER', '2022-10-19', '2023-03-23'),
(1E+11, 7000000014, 'SELLER', '2022-10-18', '2023-06-02'),
(1E+11, 7000000015, 'SELLER', '2022-10-17', '2023-06-02'),
(1E+11, 7000000016, 'SELLER', '2022-10-16', '2023-09-15'),
(1E+11, 7000000017, 'SELLER', '2022-10-15', '2023-12-28'),
(1E+11, 7000000018, 'PROP', '2022-10-14', '2022-08-10'),
(1E+11, 7000000019, 'PROP', '2022-10-13', '2022-08-10'),
(1E+11, 7000000020, 'PROP', '2022-10-12', '2021-06-14'),
(1E+11, 7000000021, 'SELLER', '2022-10-11', '2022-10-14'),
(1E+11, 7000000022, 'PROP', '2022-10-10', '2022-04-11'),
(1E+11, 7000000023, 'PROP', '2022-10-09', '2022-03-11'),
(1E+11, 7000000024, 'PROP', '2022-10-08', '2022-05-26'),
(1E+11, 7000000025, 'PROP', '2022-10-07', '2022-04-11'),
(1E+11, 7000000026, 'PROP', '2022-10-06', '2022-02-09'),
(1E+11, 7000000027, 'PROP', '2022-10-05', '2022-01-25'),
(1E+11, 7000000028, 'PROP', '2022-10-04', '2022-02-09'),
(1E+11, 7000000029, 'PROP', '2022-10-03', '2021-06-22'),
(1E+11, 7000000030, 'PROP', '2022-10-02', '2023-07-18'),
(1E+11, 7000000031, 'SELLER', '2022-10-01', '2023-10-12'),
(1E+11, 7000000032, 'SELLER', '2022-09-30', '2019-03-31'),
(1E+11, 7000000033, 'SELLER', '2022-09-29', '2023-07-31'),
(1E+11, 7000000034, 'SELLER', '2022-09-28', '2023-07-31'),
(1E+11, 7000000035, 'SELLER', '2022-09-27', '2022-01-12'),
(1E+11, 7000000036, 'PROP', '2022-09-26', '2022-11-21'),
(1E+11, 7000000037, 'PROP', '2022-09-25', '2022-11-21'),
(1E+11, 7000000038, 'SELLER', '2022-09-24', '2023-02-28'),
(1E+11, 7000000039, 'SELLER', '2022-09-23', '2023-02-28'),
(1E+11, 7000000040, 'SELLER', '2022-09-22', '2022-11-03'),
(1E+11, 7000000041, 'SELLER', '2022-09-21', '2023-02-28'),
(1E+11, 7000000042, 'SELLER', '2022-09-20', '2021-09-02'),
(1E+11, 7000000043, 'SELLER', '2022-09-19', '2022-02-09'),
(1E+11, 7000000044, 'SELLER', '2022-09-18', '2023-04-15'),
(1E+11, 7000000045, 'SELLER', '2022-09-17', '2021-03-08'),
(1E+11, 7000000046, 'SELLER', '2022-09-16', '2021-07-16'),
(1E+11, 7000000047, 'SELLER', '2022-09-15', '2023-10-16'),
(1E+11, 7000000048, 'SELLER', '2022-09-14', '2022-08-11'),
(1E+11, 7000000049, 'PROP', '2022-09-13', '2021-12-03'),
(1E+11, 7000000050, 'SELLER', '2022-09-12', '2021-09-28'),
(1E+11, 7000000051, 'SELLER', '2022-09-11', '2021-04-06'),
(1E+11, 7000000052, 'SELLER', '2022-09-10', '2024-01-17'),
(1E+11, 7000000053, 'SELLER', '2022-09-09', '2023-07-29'),
(1E+11, 7000000054, 'SELLER', '2022-09-08', '2023-04-06'),
(1E+11, 7000000055, 'SELLER', '2022-09-07', '2023-01-25'),
(1E+11, 7000000056, 'SELLER', '2022-09-06', '2023-09-25'),
(1E+11, 7000000057, 'SELLER', '2022-09-05', '2022-11-14'),
(1E+11, 7000000058, 'SELLER', '2022-09-04', '2023-09-13'),
(1E+11, 7000000059, 'PROP', '2022-09-03', '2021-12-27'),
(1E+11, 7000000060, 'SELLER', '2022-09-02', '2023-05-05'),
(1E+11, 7000000061, 'SELLER', '2022-09-01', '2021-04-10'),
(1E+11, 7000000062, 'SELLER', '2022-08-31', '2021-04-10'),
(1E+11, 7000000063, 'SELLER', '2022-08-30', '2021-04-10'),
(1E+11, 7000000064, 'SELLER', '2022-08-29', '2021-04-09'),
(1E+11, 7000000065, 'SELLER', '2022-08-28', '2021-04-10'),
(1E+11, 7000000066, 'SELLER', '2022-08-27', '2021-04-09'),
(1E+11, 7000000067, 'SELLER', '2022-08-26', '2021-04-09'),
(1E+11, 7000000068, 'SELLER', '2022-08-25', '2021-06-02'),
(1E+11, 7000000069, 'SELLER', '2022-08-24', '2023-10-05'),
(1E+11, 7000000070, 'SELLER', '2022-08-23', '2023-07-27'),
(1E+11, 7000000071, 'SELLER', '2022-08-22', '2023-06-30'),
(1E+11, 7000000072, 'SELLER', '2022-08-21', '2023-06-13'),
(1E+11, 7000000073, 'SELLER', '2022-08-20', '2021-10-12'),
(1E+11, 7000000074, 'SELLER', '2022-08-19', '2023-11-10'),
(1E+11, 7000000075, 'PROP', '2022-08-18', '2021-04-28'),
(1E+11, 7000000076, 'SELLER', '2022-08-17', '2021-04-03'),
(1E+11, 7000000077, 'SELLER', '2022-08-16', '2023-06-13'),
(1E+11, 7000000078, 'SELLER', '2022-08-15', '2023-09-12'),
(1E+11, 7000000079, 'SELLER', '2022-08-14', '2022-12-05'),
(1E+11, 7000000080, 'SELLER', '2022-08-13', '2021-05-28'),
(1E+11, 7000000081, 'SELLER', '2022-08-12', '2021-04-12'),
(1E+11, 7000000082, 'SELLER', '2022-08-11', '2023-08-15'),
(1E+11, 7000000083, 'SELLER', '2022-08-10', '2022-04-14'),
(1E+11, 7000000084, 'PROP', '2022-08-09', '2020-09-03'),
(1E+11, 7000000085, 'PROP', '2022-08-08', '2022-05-23'),
(1E+11, 7000000086, 'PROP', '2022-08-07', '2022-05-23'),
(1E+11, 7000000087, 'PROP', '2022-08-06', '2022-05-23'),
(1E+11, 7000000088, 'PROP', '2022-08-05', '2022-05-23'),
(1E+11, 7000000089, 'PROP', '2022-08-04', '2022-05-23'),
(1E+11, 7000000090, 'PROP', '2022-08-03', '2020-09-22'),
(1E+11, 7000000091, 'PROP', '2022-08-02', '2022-05-23'),
(1E+11, 7000000092, 'PROP', '2022-08-01', '2022-05-23'),
(1E+11, 7000000093, 'PROP', '2022-07-31', '2018-11-26'),
(1E+11, 7000000094, 'PROP', '2022-07-30', '2022-05-23'),
(1E+11, 7000000095, 'PROP', '2022-07-29', '2022-05-23'),
(1E+11, 7000000096, 'PROP', '2022-07-28', '2019-10-30'),
(1E+11, 7000000097, 'PROP', '2022-07-27', '2022-05-23'),
(1E+11, 7000000098, 'PROP', '2022-07-26', '2019-10-31'),
(1E+11, 7000000099, 'PROP', '2022-07-25', '2022-05-23');

-- \COPY test.tab_sbfa FROM '/home/vasilis/Downloads/Turing_tech/Files_for_turing_tech/Databases/tab_c_gt.csv' DELIMITER ',' CSV HEADER;
